{"episode": 43392, "stats": {"bid_losses": [0.9097417593002319, 0.619616785301612, 0.3667837126436187, 0.2573023857793918, 0.1889224334177561, 0.03862099576741457, 0.01339636484219227, -0.008348409134225854], "play_losses": [0.4450347564722362, 0.33242799748073926, 0.2761798442705818, 0.23968768579528688, 0.17209012880921365, 0.14011074505746365, -5.982456059427932e-05], "win_rates": [0.55], "eval_win_rates": [], "mean_rewards": []}, "config": {"hidden": 256, "BID_STATE_DIM": 95, "PLAY_STATE_DIM": 136, "n_res": 4}}