{"episode": 61440, "stats": {"bid_losses": [0.9097417593002319, 0.619616785301612, 0.3667837126436187, 0.2573023857793918, 0.1889224334177561, 0.03862099576741457, 0.01339636484219227, 0.00417032981126364, -0.010582166492554612, -0.00010830716896403914, 0.0013051354730548304, -0.0016051427813312813, 0.00042323966563451165, 0.003217898850653711], "play_losses": [0.4450347564722362, 0.33242799748073926, 0.2761798442705818, 0.23968768579528688, 0.17209012880921365, 0.14011074505746365, -5.4793417803011835e-05, -0.00026189687196165323, -0.00015248496492858976, -0.0003158928593620658, -0.0004995546187274158, 0.0, 0.0], "win_rates": [0.522, 0.628, 0.588, 0.592, 0.588, 0.526, 0.522], "eval_win_rates": [], "mean_rewards": []}, "config": {"hidden": 256, "BID_STATE_DIM": 95, "PLAY_STATE_DIM": 136, "n_res": 4}}